<?xml version="1.0" encoding="UTF-8"?>
<project-private xmlns="http://www.netbeans.org/ns/project-private/1">
    <editor-bookmarks xmlns="http://www.netbeans.org/ns/editor-bookmarks/2" lastBookmarkId="0"/>
    <open-files xmlns="http://www.netbeans.org/ns/projectui-open-files/2">
        <group>
            <file>file:/C:/Users/Mmaga/Documents/NetBeansProjects/HospitalQueueManagementWebApplication/web/patientRegistrationReport.jsp</file>
            <file>file:/C:/Users/Mmaga/Documents/NetBeansProjects/HospitalQueueManagementWebApplication/web/report.jsp</file>
            <file>file:/C:/Users/Mmaga/Documents/NetBeansProjects/HospitalQueueManagementWebApplication/web/add_patient.jsp</file>
            <file>file:/C:/Users/Mmaga/Documents/NetBeansProjects/HospitalQueueManagementWebApplication/src/java/za/ac/tut/web/PatientRegistrationReportServlet.java</file>
            <file>file:/C:/Users/Mmaga/Documents/NetBeansProjects/HospitalQueueManagementWebApplication/web/doctorReport.jsp</file>
            <file>file:/C:/Users/Mmaga/Documents/NetBeansProjects/HospitalQueueManagementWebApplication/src/java/za/ac/tut/web/AddPatientServlet.java</file>
        </group>
    </open-files>
</project-private>
